productID,price_per_one
10002,1.66
10080,0.85
10120,0.21
10123C,0.65
10124A,0.42
10124G,0.42
10125,1.66
10133,1.66
10135,2.51
11001,3.36
15034,0.85
15036,1.63
15039,1.66
15044A,5.79
15044B,5.91
15044C,5.91
15044D,5.91
15056BL,12.72
15056N,12.72
15056P,12.72
15056bl,12.72
15056n,12.72
15056p,12.72
15058A,7.95
15058B,24.96
15058C,7.95
15060B,8.47
16008,0.25
16010,0.12
16011,0.21
16012,0.21
16014,0.42
16015,0.5
16016,0.85
16033,0.12
16045,0.12
16046,0.85
16048,0.85
16052,0.84
16054,0.42
16156L,0.42
16156S,0.42
16161M,0.42
16161P,0.42
16161U,0.42
16162L,0.65
16168M,0.85
16169K,0.42
16169M,0.42
16169N,0.42
16169P,0.42
16202E,5.55
16206B,1.25
16207A,3.29
16207B,2.95
16216,1.25
16218,2.13
16219,1.7
16225,3.36
16235,0.43
16236,0.43
16237,0.43
16238,0.43
16258A,0.84
17001,0.29
17003,0.63
17007B,2.1
17011A,0.0
17011F,4.21
17012A,2.55
17012B,2.55
17012C,2.55
17012D,2.55
17012E,2.55
17012F,2.55
17013D,3.36
17014A,3.36
17021,0.3
17028J,0.42
17038,0.85
17084A,0.21
17084J,0.21
17084N,0.43
17084P,0.43
17084R,0.21
17090A,1.25
17090D,1.25
17091A,1.25
17091J,2.51
17096,0.43
17107D,2.55
17109D,1.69
17129F,1.66
17136A,0.21
17164B,0.42
17165D,1.05
17174,0.42
18007,0.43
18094C,2.51
18097A,2.55
18097C,5.06
18098C,5.91
18098c,5.06
20615,4.21
20616,4.21
20617,4.21
20618,4.21
20619,4.21
20622,4.21
20652,2.51
20653,2.51
20654,1.25
20655,2.51
20657,1.25
20658,2.51
20659,2.51
20661,2.95
20662,2.95
20663,2.95
20664,2.95
20665,5.91
20666,2.95
20668,0.43
20669,2.51
20670,2.95
20671,1.25
20674,2.51
20675,2.51
20676,3.36
20677,3.36
20679,12.72
20681,6.77
20682,6.77
20684,6.77
20685,16.98
20686,6.77
20694,7.62
20695,4.25
20696,7.62
20697,2.55
20698,2.55
20699,5.06
20700,10.17
20701,3.75
20702,4.25
20703,4.25
20704,14.43
20705,6.95
20707,2.51
20711,4.21
20712,5.06
20713,4.21
20716,2.51
20717,3.36
20718,3.36
20719,2.51
20723,2.51
20724,2.51
20725,5.06
20726,5.06
20727,5.06
20728,5.06
20731,1.25
20733,0.85
20734,2.51
20735,2.51
20738,0.0
20748,24.96
20749,16.98
20750,16.98
20751,4.21
20752,4.21
20754,4.21
20755,1.66
20756,0.85
20757,0.85
20758,0.85
20759,0.85
20760,0.85
20761,7.62
20762,7.62
20763,7.62
20764,7.62
20765,7.62
20766,7.62
20767,5.06
20768,5.06
20769,4.96
20770,2.55
20771,4.96
20772,5.06
20773,1.65
20774,1.65
20775,3.36
20777,3.36
20778,1.65
20780,11.02
20781,11.02
20782,11.02
20785,39.95
20793,6.75
20794,5.06
20795,4.13
20798,2.1
20801,5.06
20802,3.36
20803,3.36
20818,7.62
20819,3.75
20820,4.95
20826,2.12
20828,5.06
20829,4.21
20830,4.21
20831,4.21
20832,1.66
20835,11.02
20837,2.95
20839,9.32
20840,9.32
20845,6.35
20846,2.51
20847,7.62
20848,2.95
20849,0.0
20851,5.95
20854,3.36
20856,1.66
20857,1.65
20860,2.1
20861,2.1
20864,0.0
20866,2.51
20867,2.51
20868,1.25
20869,1.28
20871,4.21
20878,1.25
20886,4.21
20892,25.49
20893,5.06
20894,2.95
20897,5.91
20898,2.95
20902,12.72
20903,12.72
20906,2.95
20910,6.35
20914,5.91
20931,7.62
20932,7.62
20933,3.75
20934,11.02
20936,5.91
20941,2.51
20950,0.0
20954,8.47
20956,2.51
20957,1.45
20960,2.51
20961,2.51
20963,2.51
20966,2.51
20967,7.62
20969,7.62
20970,7.62
20971,2.51
20972,2.51
20973,1.28
20974,1.28
20975,1.28
20977,1.25
20978,2.51
20979,2.51
20980,1.25
20981,1.66
20982,0.85
20983,0.85
20984,1.63
20985,2.51
20986,2.51
20992,1.66
20996,0.85
20998,5.91
21000,4.25
21001,5.95
21002,4.25
21003,6.35
21009,1.25
21011,1.45
21012,2.51
21014,1.28
21015,1.28
21018,2.51
21025,2.51
21026,2.51
21027,2.51
21028,2.51
21030,1.25
21031,2.51
21032,1.25
21033,5.91
21034,0.95
21035,6.25
21038,2.95
21039,5.91
21040,2.55
21041,6.63
21042,12.72
21043,5.95
21051,4.21
21054,16.98
21055,16.98
21056,8.95
21058,1.66
21059,1.63
21060,1.63
21061,1.63
21062,0.85
21063,1.66
21064,11.87
21065,11.87
21066,2.51
21067,2.51
21068,2.51
21069,2.51
21070,2.51
21071,2.51
21078,2.51
21080,2.51
21082,1.63
21084,1.63
21086,1.66
21087,0.83
21088,1.66
21089,0.65
21090,1.66
21094,2.46
21095,1.63
21096,1.66
21098,3.36
21100,4.21
21106,5.91
21107,5.91
21108,5.06
21109,13.57
21110,13.57
21111,5.91
21112,5.91
21114,11.02
21115,14.43
21116,8.47
21117,6.75
21120,16.98
21121,2.51
21122,2.51
21123,2.51
21124,2.51
21125,2.51
21126,2.51
21128,12.72
21129,6.95
21131,8.29
21132,4.25
21134,0.0
21135,25.49
21136,25.49
21137,7.62
21143,4.21
21144,3.36
21145,1.25
21147,2.51
21154,3.36
21155,4.96
21156,4.21
21157,4.21
21158,3.36
21159,3.36
21160,3.36
21161,3.36
21162,3.36
21163,3.36
21164,5.91
21165,4.21
21166,4.21
21167,0.43
21169,4.21
21171,3.36
21172,4.21
21174,4.21
21175,4.96
21179,3.36
21181,4.21
21186,3.36
21187,3.36
21188,5.91
21189,3.36
21190,1.65
21191,4.21
21192,3.36
21194,4.21
21195,4.21
21196,1.65
21197,1.65
21198,3.29
21199,3.36
21200,3.36
21201,5.06
21202,3.29
21204,3.36
21205,5.06
21206,3.36
21207,3.36
21208,3.36
21209,3.36
21210,3.83
21211,3.83
21212,2.13
21213,2.13
21215,2.13
21216,11.02
21217,21.23
21218,8.47
21219,2.51
21220,2.51
21221,2.51
21222,2.51
21224,2.51
21226,1.25
21228,1.25
21231,2.51
21232,3.36
21238,2.51
21239,2.51
21240,2.51
21242,4.21
21243,3.36
21244,3.36
21245,3.36
21246,10.79
21248,3.36
21249,5.91
21250,5.79
21251,5.91
21253,5.91
21257,16.13
21258,25.49
21259,12.72
21260,3.25
21261,16.95
21262,16.95
21263,5.91
21264,5.91
21265,5.91
21268,0.42
21269,16.98
21270,8.47
21272,2.51
21275,34.0
21277,21.95
21278,2.55
21279,5.06
21280,2.55
21281,5.06
21282,0.0
21284,3.36
21285,4.21
21286,5.06
21287,2.51
21288,5.91
21289,1.25
21291,1.66
21292,0.85
21293,4.21
21294,2.51
21306,3.36
21307,2.1
21311,3.36
21313,1.66
21314,4.21
21316,5.91
21317,11.02
21318,3.36
21319,3.36
21320,4.96
21324,5.91
21326,1.66
21327,3.36
21328,3.36
21329,3.36
21331,25.49
21332,24.96
21333,5.91
21336,2.95
21340,25.49
21344,20.79
21348,5.91
21349,13.57
21351,6.75
21352,6.75
21354,2.51
21355,2.51
21356,2.51
21357,1.25
21358,2.51
21359,34.0
21360,21.23
21361,25.49
21363,11.02
21364,13.57
21365,5.91
21366,8.47
21367,5.06
21368,4.96
21369,7.62
21370,6.35
21371,4.96
21372,5.91
21374,7.62
21375,11.02
21376,5.45
21377,3.36
21378,3.36
21379,2.51
21380,5.91
21381,4.21
21382,5.91
21383,1.66
21385,1.66
21386,1.66
21389,1.66
21390,2.51
21391,4.21
21392,4.13
21393,2.1
21394,4.13
21397,3.36
21398,4.21
21399,4.13
21400,0.83
21401,0.85
21402,0.85
21403,0.85
21407,8.47
21408,8.47
21410,8.47
21411,8.47
21412,0.42
21413,2.51
21414,2.1
21415,4.21
21416,3.75
21417,4.21
21418,5.06
21420,6.77
21421,3.29
21422,1.66
21424,6.63
21425,6.77
21426,4.96
21427,5.06
21428,8.47
21429,3.36
21430,7.62
21431,0.0
21439,2.51
21441,1.66
21442,1.66
21445,1.25
21446,2.51
21447,2.51
21448,3.36
21452,6.77
21454,1.66
21455,1.66
21456,1.25
21457,2.46
21458,2.46
21459,1.95
21460,1.95
21461,1.95
21462,6.75
21463,5.95
21464,4.25
21465,7.62
21466,7.62
21467,7.62
21468,3.75
21469,3.75
21470,7.62
21471,7.62
21472,7.62
21473,19.95
21476,14.95
21479,8.47
21481,6.77
21484,8.47
21485,11.02
21486,4.21
21488,8.47
21491,1.95
21494,5.91
21495,0.42
21497,0.42
21498,0.42
21499,0.42
21500,0.42
21503,0.42
21504,0.85
21506,0.85
21507,0.85
21508,0.85
21509,0.85
21518,0.85
21519,0.85
21520,0.85
21523,16.98
21524,16.98
21527,16.63
21528,13.57
21530,5.91
21531,5.06
21533,10.17
21534,10.17
21535,5.06
21537,8.47
21538,3.75
21539,10.17
21544,1.66
21547,5.91
21555,5.06
21556,5.91
21557,5.91
21558,5.06
21559,5.06
21561,5.06
21562,4.13
21563,5.91
21564,5.91
21576,5.06
21577,5.06
21578,5.06
21579,5.06
21580,4.96
21581,5.06
21584,1.65
21586,2.55
21587,2.55
21588,2.55
21589,0.0
21591,1.25
21592,1.25
21594,4.21
21595,8.47
21609,5.91
21613,5.91
21615,3.75
21616,3.75
21617,3.75
21618,7.62
21619,7.62
21620,7.62
21621,16.98
21622,13.57
21623,20.38
21624,11.87
21625,14.43
21626,4.21
21627,29.79
21628,29.79
21629,7.95
21630,18.68
21631,25.49
21632,25.49
21633,24.96
21634,2.51
21635,3.75
21636,2.55
21638,4.21
21640,1.66
21641,1.66
21642,1.66
21643,2.51
21644,1.25
21645,1.65
21647,2.1
21648,2.51
21650,1.66
21651,3.36
21653,0.0
21654,3.29
21655,1.69
21656,3.36
21657,14.43
21658,8.47
21661,5.95
21662,11.87
21664,3.75
21666,1.66
21667,14.95
21668,3.36
21669,3.36
21670,3.36
21671,3.36
21672,3.36
21673,3.36
21675,1.66
21676,1.66
21677,1.66
21678,1.66
21679,1.66
21680,1.66
21681,9.95
21682,9.96
21683,5.91
21684,2.51
21686,39.95
21688,5.91
21689,8.29
21690,3.75
21692,3.75
21693,5.91
21694,5.91
21695,5.79
21696,5.91
21698,1.66
21700,8.47
21703,0.85
21704,1.66
21705,3.36
21706,10.17
21707,9.96
21708,9.96
21709,9.96
21710,10.17
21711,10.17
21713,4.21
21714,2.51
21715,5.06
21716,5.06
21717,5.06
21718,2.51
21719,1.66
21720,0.85
21721,1.66
21722,1.66
21723,1.66
21724,1.66
21725,1.66
21726,1.66
21730,10.17
21731,4.13
21733,5.91
21735,12.75
21736,2.1
21738,5.91
21739,5.91
21741,5.91
21742,12.72
21743,5.91
21744,5.91
21745,8.47
21746,2.51
21747,1.25
21749,4.21
21750,4.21
21754,11.87
21755,11.87
21756,11.87
21757,4.95
21758,12.72
21761,29.95
21763,29.95
21769,79.95
21773,2.51
21774,2.51
21775,2.51
21777,7.95
21781,29.74
21784,21.23
21785,1.66
21786,0.85
21787,1.66
21788,1.66
21789,1.66
21790,1.66
21791,2.51
21792,13.57
21793,6.75
21794,13.57
21801,0.43
21802,0.83
21803,0.85
21804,7.62
21805,0.0
21807,0.85
21808,3.75
21809,2.51
21810,2.51
21811,2.51
21812,10.17
21813,10.17
21814,2.98
21815,2.98
21816,1.45
21817,1.66
21818,1.66
21819,1.66
21820,7.62
21821,7.62
21822,4.21
21823,2.98
21824,2.98
21826,2.51
21827,1.25
21828,2.51
21829,0.43
21830,0.85
21832,3.36
21833,3.36
21836,7.62
21841,0.0
21843,21.23
21844,5.91
21845,2.95
21846,4.95
21847,4.21
21849,4.95
21850,4.95
21851,4.95
21864,4.21
21865,4.21
21866,3.36
21867,2.51
21868,3.36
21870,3.36
21871,3.36
21872,3.36
21873,3.36
21874,3.36
21875,3.36
21876,3.36
21877,3.36
21878,1.66
21879,1.66
21880,1.66
21881,1.63
21882,1.66
21883,1.66
21884,1.66
21888,7.62
21889,3.36
21890,5.91
21891,2.51
21892,2.51
21894,2.51
21895,8.47
21896,4.21
21897,5.79
21898,2.95
21899,1.66
21900,1.66
21901,1.66
21902,1.66
21903,4.21
21904,2.1
21905,4.13
21906,13.57
21907,4.21
21908,4.21
21910,1.65
21911,3.36
21912,7.62
21913,7.62
21914,2.51
21915,2.51
21916,0.85
21917,0.85
21918,0.85
21922,16.98
21925,1.25
21926,1.25
21927,1.25
21928,5.06
21929,5.06
21930,4.96
21931,5.06
21932,5.91
21933,5.91
21934,4.21
21935,4.21
21936,5.91
21937,5.91
21942,1.66
21943,1.66
21944,1.66
21945,1.66
21946,1.66
21947,2.51
21948,2.51
21949,2.51
21955,16.98
21967,0.85
21972,3.83
21973,1.45
21974,3.75
21975,1.28
21976,2.13
21977,2.13
21980,0.85
21981,0.85
21982,0.85
21983,0.85
21984,0.85
21985,0.85
21986,0.85
21987,1.63
21988,1.66
21989,2.51
21990,2.95
21991,2.95
21992,5.91
21993,5.91
22021,3.29
22023,0.85
22024,0.85
22025,0.85
22026,0.85
22027,0.85
22028,0.85
22029,0.85
22030,0.83
22031,0.85
22032,0.43
22033,0.42
22034,0.42
22035,0.85
22037,0.85
22038,0.42
22040,0.42
22041,5.06
22042,0.43
22043,0.43
22044,0.42
22045,0.42
22046,0.42
22047,0.42
22048,0.42
22049,0.42
22050,0.42
22051,0.42
22052,0.42
22053,1.25
22055,3.36
22057,3.29
22059,3.36
22060,9.95
22061,20.79
22062,5.91
22063,5.91
22064,3.36
22065,3.36
22066,3.29
22067,3.36
22068,4.21
22069,4.21
22070,7.46
22071,7.62
22072,7.62
22073,7.62
22074,4.21
22075,4.21
22076,4.21
22077,4.21
22078,4.81
22079,4.21
22080,4.21
22081,4.21
22082,4.21
22083,6.77
22084,6.77
22085,2.95
22086,6.77
22087,5.91
22088,5.91
22089,5.91
22090,6.77
22091,2.51
22092,2.46
22093,2.51
22094,2.51
22095,2.51
22096,2.51
22097,2.51
22098,2.51
22099,2.51
22100,2.51
22101,2.51
22102,1.65
22103,3.29
22104,1.66
22105,4.25
22106,5.06
22107,7.62
22108,3.75
22109,7.62
22110,7.62
22111,12.72
22112,12.72
22113,8.47
22114,9.32
22115,5.91
22116,5.91
22117,5.91
22118,11.87
22119,14.13
22120,20.38
22121,11.87
22123,5.95
22124,2.51
22125,12.46
22127,12.72
22128,1.25
22129,0.85
22130,8.47
22131,4.21
22132,1.66
22133,1.66
22134,0.85
22135,0.85
22136,3.36
22137,2.95
22138,10.79
22139,11.02
22141,4.21
22142,3.36
22143,0.0
22144,4.21
22145,2.1
22146,1.95
22147,4.21
22148,4.21
22149,5.06
22150,5.06
22151,2.51
22152,1.66
22153,0.85
22154,0.85
22155,0.85
22156,1.66
22157,0.85
22158,5.91
22161,1.63
22162,5.91
22163,3.36
22164,5.91
22165,25.49
22166,16.13
22167,20.38
22168,8.5
22169,16.98
22170,13.57
22171,16.98
22173,5.91
22174,4.21
22175,5.91
22176,5.91
22178,2.51
22179,13.57
22180,21.23
22181,1.66
22182,9.96
22183,6.75
22184,8.5
22185,3.36
22186,5.91
22187,8.47
22188,8.47
22189,8.47
22190,2.51
22191,16.98
22192,16.98
22193,16.98
22194,16.98
22195,3.36
22196,1.66
22197,1.66
22198,3.36
22199,8.47
22200,8.47
22201,8.47
22202,7.62
22203,7.62
22204,3.75
22206,0.85
22207,8.47
22208,3.36
22209,3.36
22210,3.36
22211,3.36
22212,4.21
22214,4.96
22215,16.98
22216,1.66
22217,2.51
22218,4.25
22219,1.66
22220,20.38
22221,20.38
22222,10.17
22223,10.17
22224,5.91
22227,1.28
22228,1.63
22229,1.63
22230,1.63
22231,1.45
22232,3.29
22233,3.29
22236,12.75
22241,2.51
22242,3.36
22243,3.36
22244,4.21
22245,1.66
22246,4.21
22247,1.63
22248,1.66
22249,1.63
22250,1.66
22251,2.51
22252,1.25
22254,2.46
22255,1.66
22256,2.51
22257,1.25
22258,2.46
22259,2.46
22260,1.66
22261,1.66
22262,1.66
22263,1.66
22264,1.66
22265,1.28
22266,1.25
22267,1.25
22268,1.66
22269,2.51
22270,7.46
22271,5.91
22272,5.91
22273,5.91
22274,5.91
22275,7.65
22276,5.91
22277,4.21
22278,11.02
22279,2.51
22280,2.46
22281,12.72
22282,25.49
22283,16.13
22284,3.36
22285,3.36
22286,3.36
22287,3.36
22288,2.51
22289,2.51
22291,2.92
22292,2.98
22293,2.98
22294,2.51
22295,3.36
22296,3.36
22297,2.51
22299,2.51
22300,5.06
22301,5.06
22302,4.96
22303,5.06
22304,5.06
22305,5.06
22306,8.47
22307,8.47
22308,5.06
22309,5.06
22310,3.36
22311,8.47
22312,5.91
22313,8.47
22314,8.47
22315,2.51
22316,2.51
22317,5.91
22318,5.91
22319,0.65
22320,5.95
22321,1.66
22322,1.66
22323,1.95
22324,4.21
22325,11.87
22326,6.77
22327,6.77
22328,6.77
22329,3.36
22331,3.36
22332,3.29
22333,3.36
22334,3.29
22335,1.28
22336,1.28
22337,1.28
22338,1.28
22339,1.28
22340,3.36
22341,3.36
22342,3.36
22343,1.66
22344,1.66
22345,1.66
22346,1.66
22348,1.66
22349,7.62
22350,5.06
22351,1.65
22352,5.06
22353,2.55
22354,7.46
22355,2.51
22356,2.51
22357,8.47
22358,5.91
22359,5.91
22360,5.91
22361,5.91
22362,5.91
22363,5.91
22364,5.91
22365,14.43
22366,15.79
22367,5.06
22371,8.47
22372,8.47
22374,8.47
22375,8.47
22376,8.47
22377,5.06
22378,5.06
22379,5.06
22380,4.21
22381,4.96
22382,4.21
22383,5.06
22384,5.06
22385,5.06
22386,5.06
22389,2.55
22390,4.96
22391,4.96
22393,5.06
22394,5.06
22395,5.06
22396,2.51
22398,2.51
22399,2.46
22400,1.25
22402,2.51
22403,2.51
22405,2.51
22406,2.51
22407,1.25
22408,2.51
22409,2.51
22410,2.51
22411,4.96
22412,4.21
22413,5.91
22414,14.43
22415,7.95
22416,2.98
22417,2.13
22418,2.51
22419,0.85
22420,0.85
22421,0.85
22422,1.28
22423,25.49
22424,25.49
22425,10.17
22426,8.47
22427,11.87
22428,14.43
22429,8.47
22430,10.17
22431,4.21
22432,4.21
22433,4.21
22434,4.21
22435,2.51
22436,1.28
22437,1.66
22438,1.95
22439,1.28
22440,0.85
22441,4.21
22442,16.13
22443,16.13
22444,2.51
22445,5.91
22446,6.77
22447,6.77
22448,6.77
22449,6.77
22450,6.77
22451,6.77
22452,5.79
22453,5.91
22454,5.91
22456,10.17
22457,5.91
22458,5.06
22459,5.06
22460,2.51
22461,25.49
22464,3.36
22465,3.36
22466,4.21
22467,5.06
22468,13.57
22469,4.21
22470,5.91
22471,11.02
22472,11.02
22473,11.02
22474,11.02
22475,11.02
22476,11.02
22477,2.51
22478,2.51
22479,2.51
22480,2.51
22481,1.25
22482,2.46
22483,5.91
22485,25.49
22486,12.75
22487,20.38
22488,3.36
22489,0.85
22491,2.51
22492,1.66
22493,3.36
22494,2.51
22495,5.91
22496,5.91
22497,8.47
22498,12.72
22499,12.72
22500,11.02
22501,21.23
22502,8.47
22503,59.53
22504,29.95
22505,11.02
22507,11.02
22508,7.62
22509,34.04
22510,3.75
22511,7.62
22512,7.62
22513,7.62
22514,4.21
22515,4.21
22516,4.21
22517,4.21
22518,4.21
22519,4.21
22520,1.66
22521,1.66
22522,1.66
22523,1.66
22524,3.36
22525,3.36
22526,25.49
22528,3.36
22529,0.85
22530,0.85
22531,0.85
22532,0.85
22533,0.85
22534,0.85
22535,0.85
22536,0.85
22537,0.85
22538,0.85
22539,0.85
22540,0.85
22541,0.85
22543,0.85
22544,0.85
22545,0.85
22546,0.85
22547,0.85
22548,2.51
22549,3.36
22550,7.62
22551,4.21
22553,4.21
22554,4.21
22555,4.21
22556,4.21
22557,4.21
22558,2.51
22559,2.51
22560,3.36
22561,3.36
22562,1.25
22563,2.51
22564,2.51
22565,1.66
22566,1.66
22567,2.51
22568,7.62
22569,7.62
22570,7.62
22571,1.66
22572,1.66
22573,1.66
22574,1.66
22575,4.21
22576,1.66
22577,1.66
22578,1.66
22579,1.66
22580,11.87
22581,1.66
22582,5.06
22583,5.06
22584,5.06
22585,2.51
22586,1.66
22587,1.66
22588,5.06
22589,5.06
22591,2.55
22592,7.62
22593,1.66
22594,1.66
22595,1.66
22596,0.72
22597,1.66
22598,1.66
22599,1.66
22600,1.66
22601,1.66
22602,1.66
22603,1.66
22604,2.55
22605,25.49
22606,34.0
22607,16.98
22608,1.66
22609,1.66
22610,1.66
22611,10.17
22613,1.66
22614,0.85
22615,0.85
22616,0.85
22617,10.79
22618,19.96
22619,7.62
22620,2.51
22621,3.36
22622,21.23
22623,11.02
22624,16.98
22625,16.98
22626,16.98
22627,16.98
22628,10.17
22629,4.21
22630,4.21
22631,4.21
22632,4.21
22633,4.21
22634,20.38
22635,20.38
22636,16.98
22637,5.91
22638,5.06
22639,5.06
22640,5.06
22641,5.06
22642,5.06
22643,5.06
22644,4.21
22645,4.21
22646,4.21
22647,3.36
22649,11.02
22650,3.36
22651,1.66
22652,4.21
22653,4.21
22654,12.72
22655,295.0
22656,175.0
22659,4.21
22660,15.79
22661,1.66
22662,4.21
22663,5.06
22664,4.21
22665,6.63
22666,6.63
22667,2.95
22668,5.91
22669,5.91
22670,2.51
22671,3.36
22672,3.36
22673,3.29
22674,2.51
22675,2.51
22676,2.51
22677,2.51
22678,2.51
22679,2.51
22680,2.51
22681,2.51
22682,2.51
22683,2.51
22684,2.51
22685,2.51
22686,2.51
22688,16.98
22689,14.43
22690,14.43
22691,16.98
22692,16.98
22693,1.25
22694,5.06
22695,3.36
22696,4.21
22697,5.91
22698,5.91
22699,5.91
22700,5.91
22701,5.91
22702,4.13
22703,4.21
22704,0.42
22705,0.42
22706,0.42
22707,0.42
22708,0.42
22709,0.42
22710,0.42
22711,0.42
22712,0.85
22713,0.85
22714,0.85
22715,0.85
22716,0.85
22717,0.85
22718,0.85
22719,2.51
22720,11.02
22721,11.02
22722,8.47
22723,8.47
22725,8.47
22726,8.47
22727,8.47
22728,8.47
22729,8.47
22730,8.47
22731,2.51
22732,3.36
22733,3.36
22734,5.91
22735,4.21
22736,4.21
22737,4.21
22738,4.21
22739,4.21
22740,1.66
22741,1.66
22742,5.91
22743,5.91
22744,5.91
22745,4.21
22746,5.06
22747,4.21
22748,5.06
22749,7.62
22750,7.62
22751,7.62
22752,16.98
22753,1.66
22754,1.66
22755,1.66
22756,2.51
22757,2.51
22758,2.51
22759,3.36
22760,25.49
22761,24.95
22762,29.79
22763,20.38
22764,49.96
22765,29.79
22766,5.91
22767,20.38
22768,20.38
22769,51.02
22770,29.17
22771,2.51
22772,2.51
22773,2.51
22774,2.51
22775,2.51
22776,20.38
22777,16.98
22778,8.47
22779,4.25
22780,4.25
22781,15.28
22782,24.95
22783,39.13
22784,11.02
22785,16.98
22786,16.13
22788,20.38
22789,4.21
22791,2.51
22792,1.66
22794,16.13
22795,13.57
22796,21.23
22797,34.0
22798,5.91
22799,8.5
22800,7.62
22801,7.62
22802,39.96
22803,39.95
22804,5.91
22805,2.51
22806,2.95
22807,5.91
22808,5.79
22809,5.91
22810,5.91
22811,5.91
22812,5.06
22813,4.21
22814,0.85
22815,0.85
22816,0.85
22817,0.85
22818,0.85
22819,0.85
22820,0.65
22821,1.28
22822,12.72
22823,125.0
22824,35.95
22825,16.13
22826,175.0
22827,165.0
22828,165.0
22829,21.23
22830,26.95
22831,5.91
22832,21.23
22833,100.0
22834,5.06
22835,11.02
22837,9.32
22838,29.95
22839,29.79
22840,16.13
22841,16.13
22842,13.57
22843,6.75
22844,16.98
22845,12.72
22846,34.0
22847,34.0
22848,34.0
22849,34.0
22851,1.66
22852,8.29
22853,6.77
22854,11.02
22855,2.51
22856,16.13
22857,11.02
22858,3.29
22859,3.36
22860,3.29
22861,3.29
22862,8.47
22863,5.91
22865,5.06
22866,4.21
22867,5.06
22868,4.13
22869,4.21
22870,4.21
22871,4.13
22872,4.13
22873,4.21
22874,4.21
22875,4.21
22876,4.21
22877,1.95
22878,4.13
22879,4.21
22880,4.21
22881,4.21
22882,4.21
22883,4.21
22884,4.21
22885,4.21
22886,4.13
22887,4.21
22888,4.13
22889,4.21
22890,20.38
22891,8.47
22892,1.25
22893,0.85
22894,9.95
22895,5.91
22896,5.79
22897,2.98
22898,4.96
22899,4.21
22900,5.91
22902,4.21
22903,5.91
22904,5.91
22905,5.91
22906,3.36
22907,1.66
22908,1.66
22909,1.66
22910,6.77
22911,5.91
22912,11.02
22913,11.02
22914,11.02
22915,5.06
22916,1.66
22917,1.66
22918,1.66
22919,1.66
22920,1.66
22921,1.66
22922,11.02
22923,11.02
22924,11.02
22925,11.87
22926,11.87
22927,11.87
22928,11.87
22929,65.0
22930,5.06
22931,5.06
22932,5.06
22933,5.91
22934,5.79
22935,6.63
22936,6.63
22937,5.06
22938,4.13
22939,11.02
22940,8.47
22941,16.98
22942,16.98
22943,11.02
22944,16.13
22945,11.02
22946,34.0
22947,34.0
22948,6.77
22949,2.98
22951,1.28
22952,2.13
22953,2.51
22954,2.51
22955,4.21
22956,4.21
22957,5.79
22959,0.42
22960,8.47
22961,3.36
22962,1.66
22963,1.66
22964,4.21
22965,4.21
22966,2.51
22967,5.79
22968,20.38
22969,3.36
22970,5.06
22971,5.06
22972,3.36
22973,3.36
22974,3.36
22975,2.51
22976,2.51
22977,2.51
22978,3.75
22980,3.29
22983,0.85
22984,0.85
22985,0.42
22986,0.42
22988,2.51
22989,6.25
22990,10.79
22991,3.75
22992,3.75
22993,2.5
22994,0.83
22995,0.83
22996,0.83
22997,0.83
22998,0.83
22999,0.83
23000,0.83
23002,0.83
23003,0.42
23004,0.83
23005,0.42
23006,0.83
23166,1.04
23230,0.42
23231,0.42
23232,0.42
23233,0.42
35001G,4.25
35001W,3.49
35004B,12.72
35004C,5.45
35004G,6.35
35004P,5.45
35095A,0.84
35095B,0.84
35241,10.17
35265,6.95
35271S,0.19
35400,8.95
35443,0.85
35471D,2.51
35591T,1.25
35597A,1.25
35597B,1.25
35598B,6.77
35598D,2.51
35599B,8.49
35599D,5.91
35607A,1.63
35609A,2.51
35610A,2.51
35610B,1.25
35610C,2.51
35637A,19.53
35637C,19.13
35638A,5.95
35644,0.0
35645,0.0
35646,8.47
35647,1.25
35648,5.91
35651,16.13
35653,5.91
35809A,4.21
35809a,4.21
35810A,4.21
35810B,4.21
35815P,2.1
35817P,2.55
35818P,3.36
35819B,2.51
35832,2.95
35833G,3.36
35833P,3.36
35909A,2.95
35909B,2.95
35910A,1.95
35911A,4.13
35911B,2.1
35912B,5.79
35913B,0.85
35914,4.21
35915B,1.65
35915C,3.36
35916A,1.66
35916B,1.66
35916C,1.66
35920,1.25
35921,4.96
35922,4.95
35923,2.51
35924,4.21
35933,4.21
35951,0.0
35953,8.47
35954,3.36
35957,1.66
35958,0.85
35961,1.66
35964,1.66
35965,3.36
35967,1.66
35968,0.38
35969,0.0
35970,4.21
35971,2.51
35972,1.25
35991,0.0
37327,16.13
37333,10.79
37340,8.47
37342,5.79
37343,3.36
37351,1.25
37370,16.13
37379A,1.25
37413,1.25
37444A,5.91
37444B,2.95
37444C,5.91
37446,3.36
37447,3.36
37448,3.29
37449,21.23
37450,5.91
37461,1.25
37462E,0.84
37464,1.25
37467,4.21
37468,7.46
37474,9.95
37475,20.38
37476,18.68
37479B,2.55
37479P,16.98
37482P,16.98
37489A,1.95
37489B,1.95
37489C,1.95
37489D,1.95
37491A,3.36
37491D,3.29
37495,7.62
37500,21.23
37501,14.43
37503,10.75
37509,2.55
40001,1.66
40003,3.29
40005B,0.85
40016,8.47
40046A,1.25
44089A,0.42
44089C,0.42
44091A,0.42
44092B,0.85
44092C,0.85
44228,0.85
44234,1.66
44235,0.42
44236,4.65
44265,4.25
45013,2.95
46000M,1.55
46000P,4.25
46000R,1.45
46000S,1.45
46000U,1.25
46115B,0.19
46118,8.47
46138B,1.95
46775D,16.95
46776A,4.21
46776B,4.95
46776C,4.21
46776D,4.21
46776E,4.21
46776F,4.21
47021G,5.06
47310M,3.36
47341A,3.75
47343A,1.49
47348A,1.95
47351B,2.95
47367B,3.75
47369A,5.91
47369B,2.95
47420,0.19
47421,0.42
47422,0.42
47469,0.65
47471,1.49
47480,3.36
47481,2.13
47503A,1.25
47503H,4.21
47503J,7.95
47504H,3.36
47504K,8.47
47518F,0.42
47518f,4.21
47556B,2.55
47559B,2.51
47559b,3.36
47563A,5.91
47566,10.79
47566B,10.79
47566b,8.47
47567B,12.72
47570B,21.23
47570b,21.23
47574A,4.25
47578A,0.85
47579,2.1
47580,5.91
47585A,10.17
47586A,2.55
47589,5.45
47590A,11.02
47590B,11.02
47590b,10.79
47591B,1.66
47591D,4.21
47591d,5.06
47593A,1.25
47593B,1.25
47594A,4.21
47594B,4.13
47599A,4.21
47599B,4.13
48111,15.79
48116,15.79
48129,15.79
48138,16.98
48173C,14.43
48173c,16.98
48184,15.79
48185,16.63
48187,16.98
48188,16.98
48189,16.98
48194,15.79
51008,3.45
51014A,1.66
51014C,1.66
51014L,1.66
51020A,1.25
51020B,1.25
62018,1.95
62074B,0.42
62086A,1.95
62094B,5.06
62095B,0.0
62096A,1.25
70006,3.36
70007,3.36
71038,5.45
71050,0.35
71053,8.47
71101E,0.85
71143,2.51
71215,0.42
71270,2.51
71279,5.91
71403,5.91
71406C,0.42
71459,1.69
71477,6.77
71495A,0.84
71495B,0.42
71496A,1.49
71496B,0.65
71510,0.85
72038P,0.0
72051S,0.84
72122,1.91
72127,2.51
72128,0.85
72130,1.66
72131,1.95
72132,1.95
72133,1.25
72134,1.66
72140E,0.85
72225C,0.29
72232,0.19
72349B,4.21
72349b,4.21
72351A,4.21
72351B,4.21
72351a,4.21
72369A,2.46
72586,0.85
72598,1.66
72709,0.85
72741,2.82
72760B,21.23
72780,0.85
72798C,1.65
72799C,2.95
72799E,3.36
72799F,3.36
72800B,5.06
72800C,4.96
72800D,2.55
72800E,3.36
72801C,2.51
72801D,2.51
72801G,1.25
72801c,2.46
72801d,2.51
72802A,8.29
72802B,8.47
72802C,8.47
72803A,8.47
72803B,0.0
72803b,8.47
72807A,8.47
72807B,8.47
72807C,8.47
72807a,8.29
72807b,8.29
72812,4.13
72814,0.0
72815,8.47
72816,2.51
72817,4.21
72818,1.66
72819,5.06
72821,1.65
75011,0.85
75013B,1.65
75049L,2.51
75131,3.36
75172,3.75
75178,2.51
77101A,2.51
78034B,1.95
78124,2.75
79000,1.69
79030D,12.72
79030G,12.72
79051A,0.65
79062D,0.65
79063C,0.0
79063D,0.42
79066K,1.66
79066k,1.66
79067,8.47
79071B,2.95
79144B,0.84
79144C,0.84
79149B,0.42
79151B,0.42
79160,3.29
79163,1.65
79164,1.65
79190A,0.85
79190B,0.85
79190D,0.85
79191B,1.66
79191C,0.85
79191D,1.66
79192A,1.25
79302M,5.91
79320,4.95
79321,12.46
79323B,6.75
79323P,6.75
79323W,6.75
79329,1.65
79331,1.65
79337,1.65
79403,1.66
79406,0.22
81950V,0.85
82001S,7.62
82001s,7.46
82011A,3.75
82011B,3.75
82011C,3.75
82095,7.65
82482,5.06
82483,12.72
82484,16.63
82486,16.63
82494L,7.62
82494l,8.47
82551,2.51
82552,2.51
82567,4.21
82578,1.28
82580,1.28
82581,1.28
82582,4.21
82583,4.96
82599,4.21
82600,4.21
82605,2.1
82613A,1.25
82613B,2.51
82613C,2.51
82613D,2.51
82613b,2.51
82613c,2.51
82615,2.55
82616B,2.95
82616C,2.95
84006,1.66
84012,5.06
84029E,8.47
84029G,8.47
84030E,8.47
84030e,8.47
84031A,9.32
84031B,9.32
84032A,5.91
84032B,5.91
84033,1.65
84050,4.21
84051,1.63
84077,0.43
84078A,76.55
84086C,4.21
84192,1.25
84199,0.21
84212,4.96
84218,1.95
84226,0.85
84227,0.0
84228,0.84
84231,1.46
84247C,0.0
84247E,2.95
84247G,0.85
84247K,2.95
84247L,0.85
84247N,2.95
84249A,0.83
84251B,0.85
84251C,0.83
84251G,0.85
84270,0.21
84279B,8.29
84279P,8.47
84306,10.95
84313B,16.98
84313C,16.98
84341B,1.66
84347,5.91
84352,34.0
84356,19.96
84358,9.95
84360,13.29
84375,4.21
84378,3.29
84380,3.36
84388,1.65
84406B,8.29
84415B,3.75
84422,1.66
84424A,0.0
84429A,5.91
84452,0.85
84455,0.0
84457,1.63
84459A,3.36
84459B,3.36
84461,2.55
84462,1.25
84465,2.95
84466,1.25
84497,3.75
84499,0.85
84507B,2.55
84507C,5.06
84508A,2.55
84508B,2.55
84508C,5.06
84509A,7.62
84509B,7.62
84509C,7.62
84509E,7.62
84509F,0.0
84509G,3.75
84509a,7.46
84509b,7.46
84509c,7.62
84510A,2.51
84510C,2.51
84510E,2.51
84510a,2.51
84510c,2.51
84519A,5.91
84519B,5.91
84520B,1.66
84522,1.95
84526,0.0
84527,4.13
84531A,1.95
84531B,1.95
84534B,1.66
84534b,1.66
84535B,1.49
84536A,0.85
84536B,0.85
84536a,0.79
84536b,0.81
84539,1.65
84546,0.0
84558A,5.91
84558a,5.91
84559A,1.69
84559B,1.69
84559a,1.69
84559b,1.69
84562A,7.95
84563A,11.63
84563B,11.63
84568,0.43
84569A,2.51
84569B,2.51
84569D,2.51
84575A,5.95
84580,4.21
84581,4.21
84584,5.06
84592,2.95
84595E,3.75
84596B,2.51
84596E,2.51
84596F,2.51
84596G,2.46
84596J,2.51
84596L,2.51
84596b,2.51
84596e,2.51
84596f,2.46
84596g,2.46
84597B,1.25
84597C,1.25
84598,0.43
84600,16.13
84609,16.98
84611B,0.0
84612B,0.0
84613A,4.65
84613C,4.65
84614A,5.95
84616,29.95
84617,12.75
84620,5.95
84625A,5.91
84625C,5.91
84631,16.13
84632,59.95
84637,12.72
84638,14.13
84658,6.95
84659A,2.55
84660A,7.46
84660B,7.46
84660C,7.62
84660b,7.62
84660c,7.62
84661A,4.96
84661B,5.06
84661C,4.96
84663A,5.95
84664,0.0
84665,5.95
84666,3.95
84670,0.0
84673A,0.65
84673B,1.28
84674,5.91
84675,2.95
84678,5.06
84683,2.51
84685,7.62
84687,11.63
84688,8.47
84689,0.0
84691,0.72
84692,1.66
84706D,8.95
84707A,9.95
84707B,9.95
84708B,4.95
84709B,5.95
84711A,9.95
84711B,9.95
84712B,7.95
84715,2.95
84723,7.95
84725,4.25
84741C,1.95
84744,2.51
84745A,0.42
84745B,0.42
84748,7.62
84750B,1.95
84751B,3.75
84754,2.51
84755,1.27
84760S,1.45
84763,2.51
84766,1.95
84773,2.95
84789,7.62
84792,9.32
84795B,7.95
84795C,7.95
84795b,16.98
84796A,8.29
84796B,24.96
84796a,8.47
84798A,2.55
84798B,2.55
84799,1.25
84800L,2.12
84800M,1.69
84800S,1.25
84801A,2.1
84801B,2.1
84802A,1.69
84803A,1.69
84804A,2.95
84805A,3.75
84806A,1.45
84806B,1.45
84809A,2.1
84809B,2.1
84813,25.49
84816,39.95
84817,2.1
84818,2.55
84819,4.25
84820,5.95
84821,0.85
84823,7.95
84826,0.85
84827,0.65
84828,2.51
84832,1.66
84836,2.51
84840,16.98
84843,11.87
84846A,4.21
84847,3.75
84849A,3.36
84849B,3.36
84849D,3.36
84854,4.95
84856L,11.87
84857C,16.98
84858C,11.63
84859A,5.95
84859C,5.95
84865,16.98
84870B,3.75
84870C,3.75
84872A,10.79
84872a,11.02
84874B,1.65
84875B,3.75
84876B,7.62
84876D,7.62
84877B,3.75
84877D,3.75
84879,3.19
84880,11.87
84881,12.72
84882,7.46
84884A,8.47
84884a,8.47
84898F,4.13
84905,4.95
84906,12.72
84907,7.65
84910A,5.95
84912A,3.75
84912B,3.75
84913A,4.65
84913B,4.65
84915,11.87
84916,5.95
84917,5.95
84919,6.95
84920,7.62
84921,3.75
84922,4.25
84923,4.21
84924A,7.62
84925D,2.55
84925F,2.55
84926A,2.51
84926D,2.51
84926E,1.25
84926F,0.42
84927A,4.21
84927D,4.21
84927E,4.21
84927F,4.21
84929,0.55
84931A,5.06
84931B,4.96
84944,4.25
84945,1.84
84946,2.51
84947,2.51
84949,3.36
84950,1.38
84951A,5.06
84951B,5.06
84952A,7.62
84952B,3.75
84952C,7.62
84963A,42.95
84964B,0.0
84966A,0.0
84966B,0.0
84967A,0.0
84967B,0.0
84968A,25.49
84968B,0.0
84968C,25.49
84968D,25.49
84968E,25.49
84968F,25.49
84968a,25.49
84968d,24.96
84968e,25.49
84968f,25.49
84969,8.47
84970L,2.13
84970S,2.13
84970l,2.13
84970s,2.13
84971S,1.66
84974,9.95
84975,1.69
84976,3.36
84977,0.0
84978,2.51
84985A,1.45
84987,3.83
84988,3.83
84989A,0.55
84989a,2.13
84991,2.13
84992,2.08
84993A,0.84
84993B,0.42
84993a,0.83
84997A,7.62
84997B,7.62
84997C,7.62
84997D,8.29
84997a,8.29
84997b,8.47
84997c,8.47
84997d,8.47
85006,2.95
85008,10.17
85014A,12.72
85014B,12.72
85014a,12.72
85014b,12.72
85015,2.55
85016,2.55
85017A,0.85
85017B,0.85
85017C,0.85
85018C,0.0
85018D,2.55
85019A,8.47
85019B,4.25
85019C,8.47
85020,4.21
85023B,2.55
85023C,2.55
85024B,1.65
85024C,1.65
85025B,3.36
85025C,3.36
85026B,1.63
85027L,7.95
85028L,0.0
85028S,0.0
85031A,4.95
85031B,4.95
85031C,4.95
85032A,4.21
85032B,4.21
85032C,4.13
85032D,2.1
85034A,8.47
85034B,8.47
85034C,8.47
85035A,8.47
85035B,8.47
85035C,8.47
85035a,8.47
85035b,8.47
85035c,8.47
85036A,8.29
85036B,4.25
85036C,4.25
85036b,8.47
85038,4.21
85039A,1.66
85039B,1.66
85039C,1.66
85039a,3.36
85040A,3.36
85040B,3.36
85040a,3.29
85042,4.95
85044,0.0
85045,4.95
85047,6.35
85048,16.98
85049A,2.51
85049B,1.25
85049C,2.51
85049D,2.51
85049E,2.51
85049F,2.46
85049G,2.51
85049H,2.51
85049a,3.36
85049e,3.36
85049g,2.51
85053,4.21
85054,5.91
85055,7.62
85059,7.62
85061W,1.66
85062,2.51
85063,14.95
85064,11.02
85065,12.75
85066,25.49
85067,18.95
85068,7.95
85071A,5.79
85071B,2.95
85071C,5.06
85071D,2.55
85078,5.91
85084,0.85
85086A,0.85
85087,8.47
85088,4.21
85089,2.95
85092,3.35
85093,2.51
85094,2.51
85095,4.13
85096,7.62
85099B,4.21
85099C,4.21
85099F,4.21
85099f,5.06
85103,6.75
85104,2.95
85106,4.21
85107,2.55
85109,0.85
85110,0.0
85111,2.51
85114A,3.36
85114B,3.36
85114C,3.36
85114a,3.36
85114b,3.36
85114c,3.36
85116,2.1
85118,2.51
85119,3.36
85123A,5.91
85123a,6.77
85124B,5.06
85124C,5.06
85125,10.17
85126,13.57
85127,10.17
85129B,2.51
85129C,2.51
85129D,2.51
85130A,1.65
85130B,3.36
85130C,3.29
85130D,3.36
85131A,1.25
85131B,1.25
85131C,1.25
85131D,1.25
85132A,9.95
85132B,9.95
85132C,9.95
85132a,21.23
85135A,7.95
85135B,8.47
85135C,8.47
85136A,8.47
85136B,7.95
85136C,8.47
85141,10.75
85144,7.25
85146,5.95
85150,5.06
85152,4.21
85159A,6.35
85159B,6.35
85160A,1.25
85160B,16.13
85160a,16.13
85161,38.26
85163A,12.75
85163B,25.49
85167B,8.47
85168B,8.47
85169A,2.51
85169B,2.51
85169C,2.51
85169D,2.51
85170A,2.1
85170B,4.21
85170C,4.21
85170D,4.21
85172,12.46
85173,5.06
85174,11.02
85175,13.57
85176,1.66
85177,1.66
85178,2.51
85179A,9.32
85179B,0.0
85179C,9.32
85180A,9.13
85180B,9.32
85183A,7.62
85183B,7.62
85184C,5.91
85185B,5.91
85185D,2.95
85186A,0.85
85186C,0.85
85187,3.29
85188A,1.63
85188B,1.66
85189,0.85
85194L,1.63
85194S,1.63
85195,2.1
85197,2.1
85198,0.85
85199L,1.28
85199S,0.85
85200,1.25
85202,0.84
85203,0.84
85204,0.84
85205B,2.55
85206A,3.36
85206B,1.65
85208,4.21
85211,3.36
85212,1.66
85213,1.66
85214,1.65
85215,1.27
85216,0.65
85226A,0.0
85227,1.66
85230A,0.29
85230B,0.29
85230E,0.29
85230F,0.29
85230G,0.29
85231B,1.66
85231G,1.66
85231b,1.66
85231g,1.63
85232A,10.17
85232B,4.95
85232D,10.17
90000A,6.23
90000B,6.37
90000C,0.0
90000D,6.37
90001A,4.15
90001C,4.24
90001D,4.24
90002D,3.75
90003B,3.81
90003C,3.81
90003D,3.75
90003E,3.81
90005A,2.11
90010A,8.95
90010B,9.77
90010E,9.34
90011A,2.96
90011B,2.96
90011D,2.96
90011E,2.96
90012A,10.2
90012B,9.95
90013A,3.81
90013B,4.24
90013C,4.24
90013D,4.24
90014A,10.62
90014B,10.62
90016A,8.5
90016B,8.5
90018A,4.25
90018B,4.25
90019A,5.51
90019B,5.51
90019C,5.51
90022,3.81
90023,4.25
90024B,8.32
90024C,8.5
90024E,8.49
90024F,8.5
90026B,8.5
90026C,8.5
90026D,8.5
90027A,2.96
90027B,2.96
90027C,2.9
90027D,2.95
90028,8.49
90029,8.5
90030B,5.94
90030C,5.94
90031,5.94
90032,6.25
90033,2.55
90034,10.19
90035A,10.75
90036D,7.95
90036E,7.95
90036F,8.07
90037A,2.48
90037B,2.55
90037C,2.54
90038A,3.81
90038B,3.81
90039A,3.73
90039B,3.81
90039C,3.81
90039D,3.81
90040A,4.24
90040B,3.81
90040C,3.81
90041,3.81
90042A,2.55
90042B,0.0
90042C,2.54
90050,6.95
90051,7.22
90053,2.55
90054,2.55
90055,2.55
90056,11.05
90057,3.39
90058B,0.38
90059A,1.69
90059B,1.69
90059C,1.69
90059D,1.69
90059E,1.69
90059F,1.69
90060B,5.95
90060D,5.95
90060F,5.94
90062,12.75
90063A,8.5
90063B,8.5
90064A,3.75
90064B,3.75
90065A,6.75
90067A,2.95
90070,6.37
90071,1.26
90072,4.24
90073,5.09
90074,9.77
90076,2.96
90077,2.96
90078,7.5
90079,5.09
90081A,4.95
90081C,5.09
90082A,6.65
90082B,6.35
90082D,6.79
90085,1.66
90086,1.66
90087,1.66
90089,1.66
90091,0.0
90092,1.66
90093,1.66
90094,2.55
90095,0.0
90096,2.55
90098,2.55
90099,5.06
90100,2.55
90101,2.54
90103,2.54
90104,0.85
90108,1.05
90112,1.05
90114,2.55
90115,2.51
90116,2.51
90118,2.51
90119,2.51
90120A,4.25
90120B,4.25
90120C,4.25
90120D,4.25
90122A,5.09
90122B,5.09
90122C,5.09
90123A,5.95
90123B,5.95
90123C,5.95
90123D,5.95
90124A,9.98
90124B,10.17
90125A,1.66
90125B,4.21
90125C,1.66
90125D,4.21
90125E,4.13
90126A,3.36
90128A,2.51
90128B,2.51
90128C,2.51
90128D,2.51
90129A,2.95
90129B,2.95
90129C,2.95
90129D,1.66
90129E,1.66
90129F,2.95
90130B,2.96
90130C,2.96
90130D,2.9
90132,5.09
90133,5.09
90134,2.96
90135,4.98
90136,9.95
90137,5.51
90138,5.51
90140,7.64
90141A,5.51
90141B,5.09
90141C,5.51
90141D,5.51
90142A,5.09
90142D,5.09
90143,8.07
90144,3.81
90145,5.95
90146,7.9
90147,10.62
90148,12.75
90151,8.5
90152A,5.95
90152B,5.95
90152C,5.95
90154,8.95
90155,7.64
90156,4.95
90157,4.98
90158,5.09
90160A,7.07
90160B,7.22
90160C,7.22
90160D,7.07
90161A,5.09
90161B,5.09
90161C,5.09
90161D,5.09
90162B,2.95
90162C,2.95
90162D,2.95
90163A,7.64
90163B,7.64
90164A,7.64
90164B,7.64
90165A,2.54
90165B,2.55
90166,4.24
90167,0.85
90168,2.96
90169,2.54
90170,1.69
90173,3.81
90174,2.55
90175A,9.34
90175B,9.34
90175C,8.95
90175D,9.34
90176A,7.48
90176B,7.64
90176C,8.32
90177A,2.9
90177B,2.96
90177C,2.96
90177D,2.96
90177E,2.96
90178A,11.95
90178B,11.95
90179A,5.95
90179C,5.95
90180A,9.95
90180B,9.95
90181A,9.34
90181B,9.34
90182C,2.96
90183A,2.96
90183B,2.96
90183C,2.9
90184A,9.34
90184B,9.34
90184C,9.34
90185A,4.25
90185B,4.25
90185C,4.25
90185D,4.25
90186A,2.96
90186B,2.96
90187A,3.32
90187B,3.39
90188,2.54
90190A,2.96
90190B,2.96
90190C,2.96
90191,12.75
90192,5.09
90194,4.25
90195A,9.34
90195B,8.95
90196A,12.75
90196B,12.75
90197B,5.09
90198A,4.25
90198B,4.25
90199A,6.37
90199B,6.37
90199C,6.35
90199D,6.35
90200A,4.25
90200B,4.25
90200C,4.25
90200D,4.25
90200E,4.25
90201A,2.96
90201B,2.96
90201C,2.96
90201D,2.96
90202A,2.96
90202B,2.95
90202C,2.96
90202D,2.96
90204,3.39
90205A,1.69
90205C,1.69
90206A,5.09
90206C,5.09
90208,2.54
90209B,2.11
90209C,2.11
90210A,2.95
90210B,2.96
90210C,2.96
90210D,1.25
90211A,5.94
90211B,5.95
90212B,3.81
90212C,3.75
90214A,1.25
90214B,1.25
90214C,1.25
90214D,1.25
90214E,0.85
90214F,0.85
90214G,1.25
90214H,0.85
90214I,0.85
90214J,1.25
90214K,1.25
90214L,0.85
90214M,1.25
90214N,0.85
90214O,0.85
90214P,0.85
90214R,1.25
90214S,1.25
90214T,0.85
90214V,1.25
90214W,0.85
90214Y,0.85
90214Z,0.85
AMAZONFEE,16888.02
BANK CHARGES,1050.15
C2,150.0
D,281.0
DCGS0003,2.51
DCGS0055,0.0
DCGS0057,0.0
DCGS0069,15.79
DCGS0070,12.72
DCGS0072,0.0
DCGS0074,0.0
DCGS0076,16.13
DCGSSBOY,3.29
DCGSSGIRL,3.29
DOT,950.99
M,1715.85
POST,40.0
S,128.56
gift_0001_20,17.02
gift_0001_30,25.53
gift_0001_40,34.04
gift_0001_50,42.55
m,2.55
